{
    "text": "Do you have any quick and useful tips to share with the global audience?",
    "task": "transcribe",
    "language": "english",
    "duration": 5.739999771118164,
    "segments": [
        {
            "id": 0,
            "seek": 0,
            "start": 0.0,
            "end": 5.0,
            "text": " Do you have any quick and useful tips to share with the global audience?",
            "tokens": [
                50364,
                1144,
                291,
                362,
                604,
                1702,
                293,
                4420,
                6082,
                281,
                2073,
                365,
                264,
                4338,
                4034,
                30,
                50614
            ],
            "temperature": 0.0,
            "avg_logprob": -0.8804464936256409,
            "compression_ratio": 1.0140844583511353,
            "no_speech_prob": 0.3543151319026947
        }
    ]
}