{
    "text": "Adakah anda mengkarikari yang sepat dan berkesan untuk berkongsi kandungan anda dengan penonton global?",
    "task": "transcribe",
    "language": "malay",
    "duration": 5.739999771118164,
    "segments": [
        {
            "id": 0,
            "seek": 0,
            "start": 0.0,
            "end": 5.0,
            "text": " Adakah anda mengkarikari yang sepat dan berkesan untuk berkongsi kandungan anda dengan penonton global?",
            "tokens": [
                50364,
                1999,
                40060,
                21851,
                15330,
                74,
                3504,
                74,
                3504,
                5581,
                369,
                11584,
                3277,
                5948,
                5993,
                282,
                12711,
                5948,
                74,
                556,
                7691,
                350,
                474,
                1063,
                282,
                21851,
                13877,
                3435,
                45529,
                4338,
                30,
                50614
            ],
            "temperature": 0.0,
            "avg_logprob": -0.3632117509841919,
            "compression_ratio": 1.2117646932601929,
            "no_speech_prob": 0.33437061309814453
        }
    ]
}